version,model,r2,mse,mae,best_params,validation_mae
classic,XGBRegressor,0.7839114649584564,31158.080454082792,102.29139193411285,"{'n_estimators': 800, 'learning_rate': 0.01513115163083048, 'max_depth': 26, 'min_child_weight': 3, 'subsample': 0.7843674213424883, 'colsample_bytree': 0.6230526752040897, 'reg_alpha': 0.7068171520628391, 'reg_lambda': 7.063450452212586}",115.30503451217297
stations_basic,XGBRegressor,0.7813593887600611,31526.06756408502,102.80910070679117,"{'n_estimators': 1000, 'learning_rate': 0.06696496286355959, 'max_depth': 6, 'min_child_weight': 2, 'subsample': 0.9304781540444655, 'colsample_bytree': 0.8096522477294797, 'reg_alpha': 0.14176291368984556, 'reg_lambda': 0.2275936872848227}",110.7624245232254
stations_weighted_all,XGBRegressor,0.7885062437318309,30495.55346410626,102.60023037222929,"{'n_estimators': 1200, 'learning_rate': 0.014480242705208271, 'max_depth': 10, 'min_child_weight': 1, 'subsample': 0.827319878055781, 'colsample_bytree': 0.8210621217447197, 'reg_alpha': 4.998979324605031, 'reg_lambda': 0.18640795335945864}",114.92950458943001
stations_weights_inverse,XGBRegressor,0.7909681377313148,30140.56983996074,101.48083085475174,"{'n_estimators': 700, 'learning_rate': 0.06032712275538555, 'max_depth': 12, 'min_child_weight': 2, 'subsample': 0.731055254142487, 'colsample_bytree': 0.6164604160105494, 'reg_alpha': 0.647603780202478, 'reg_lambda': 9.705779520357368}",114.65042436308302
stations_weights_gaussian,XGBRegressor,0.7890091270319914,30423.042082035918,101.93396293158547,"{'n_estimators': 900, 'learning_rate': 0.06229004917905684, 'max_depth': 10, 'min_child_weight': 4, 'subsample': 0.7155997736568442, 'colsample_bytree': 0.6952129042575155, 'reg_alpha': 1.9956187410560688, 'reg_lambda': 0.5709329122297611}",114.37754218207269
stations_weights_logarithmic,XGBRegressor,0.7809315627339348,31587.756342436125,102.27647149475706,"{'n_estimators': 900, 'learning_rate': 0.03333121431806115, 'max_depth': 10, 'min_child_weight': 5, 'subsample': 0.6173235945138691, 'colsample_bytree': 0.8519384182267111, 'reg_alpha': 0.345650961119876, 'reg_lambda': 9.328756901291706}",114.27780731059416
stations_weights_linear,XGBRegressor,0.7888980269386616,30439.061745669434,101.32192029984687,"{'n_estimators': 1100, 'learning_rate': 0.01576253164684871, 'max_depth': 22, 'min_child_weight': 4, 'subsample': 0.5051200702138716, 'colsample_bytree': 0.6569239664184245, 'reg_alpha': 0.12392462946123958, 'reg_lambda': 7.481477787444512}",113.84050511374951
