version,model,r2,mse,mae,best_params,validation_mae
stations_weights_linear,XGBRegressor,0.7888980269386616,30439.061745669434,101.32192029984688,"{'n_estimators': 1100, 'learning_rate': 0.01576253164684871, 'max_depth': 22, 'min_child_weight': 4, 'subsample': 0.5051200702138716, 'colsample_bytree': 0.6569239664184245, 'reg_alpha': 0.12392462946123958, 'reg_lambda': 7.481477787444512}",113.84050511374951
stations_weights_inverse,XGBRegressor,0.7909681377313148,30140.56983996074,101.48083085475174,"{'n_estimators': 700, 'learning_rate': 0.06032712275538555, 'max_depth': 12, 'min_child_weight': 2, 'subsample': 0.731055254142487, 'colsample_bytree': 0.6164604160105494, 'reg_alpha': 0.647603780202478, 'reg_lambda': 9.705779520357368}",114.65042436308302
stations_weights_gaussian,XGBRegressor,0.7890091270319914,30423.04208203592,101.93396293158548,"{'n_estimators': 900, 'learning_rate': 0.06229004917905684, 'max_depth': 10, 'min_child_weight': 4, 'subsample': 0.7155997736568442, 'colsample_bytree': 0.6952129042575155, 'reg_alpha': 1.9956187410560688, 'reg_lambda': 0.5709329122297611}",114.37754218207267
stations_weights_logarithmic,XGBRegressor,0.7809315627339348,31587.756342436125,102.27647149475706,"{'n_estimators': 900, 'learning_rate': 0.03333121431806115, 'max_depth': 10, 'min_child_weight': 5, 'subsample': 0.6173235945138691, 'colsample_bytree': 0.8519384182267111, 'reg_alpha': 0.345650961119876, 'reg_lambda': 9.328756901291706}",114.27780731059416
classic,XGBRegressor,0.7839114649584564,31158.080454082792,102.29139193411284,"{'n_estimators': 800, 'learning_rate': 0.01513115163083048, 'max_depth': 26, 'min_child_weight': 3, 'subsample': 0.7843674213424883, 'colsample_bytree': 0.6230526752040897, 'reg_alpha': 0.7068171520628391, 'reg_lambda': 7.063450452212586}",115.30503451217297
stations_weighted_all,XGBRegressor,0.7885062437318309,30495.55346410626,102.60023037222928,"{'n_estimators': 1200, 'learning_rate': 0.014480242705208271, 'max_depth': 10, 'min_child_weight': 1, 'subsample': 0.827319878055781, 'colsample_bytree': 0.8210621217447197, 'reg_alpha': 4.998979324605031, 'reg_lambda': 0.18640795335945864}",114.92950458943
stations_basic,XGBRegressor,0.7813593887600611,31526.06756408502,102.80910070679116,"{'n_estimators': 1000, 'learning_rate': 0.06696496286355959, 'max_depth': 6, 'min_child_weight': 2, 'subsample': 0.9304781540444655, 'colsample_bytree': 0.8096522477294797, 'reg_alpha': 0.14176291368984556, 'reg_lambda': 0.2275936872848227}",110.7624245232254
stations_basic,RandomForestRegressor,0.7686276093748098,33361.87901207797,108.91528689397202,"{'n_estimators': 1300, 'max_depth': 26, 'min_samples_split': 4, 'min_samples_leaf': 2, 'max_features': None}",124.20636533082802
classic,RandomForestRegressor,0.7702831126828011,33123.16988642964,109.05779174081118,"{'n_estimators': 1500, 'max_depth': 28, 'min_samples_split': 2, 'min_samples_leaf': 1, 'max_features': None}",124.81947854175976
stations_weights_inverse,RandomForestRegressor,0.766238654986933,33706.34538094058,111.1193207824364,"{'n_estimators': 900, 'max_depth': 28, 'min_samples_split': 5, 'min_samples_leaf': 2, 'max_features': None}",127.51374076188138
stations_weights_gaussian,RandomForestRegressor,0.768285872396214,33411.1545012712,111.49407924509698,"{'n_estimators': 800, 'max_depth': 20, 'min_samples_split': 2, 'min_samples_leaf': 2, 'max_features': None}",126.71368225570508
stations_weights_linear,RandomForestRegressor,0.7621493732739018,34295.9841074447,111.92369236082564,"{'n_estimators': 500, 'max_depth': 18, 'min_samples_split': 4, 'min_samples_leaf': 2, 'max_features': None}",127.02190471752584
stations_weights_logarithmic,RandomForestRegressor,0.7625461825360003,34238.767675712144,112.3063235747248,"{'n_estimators': 900, 'max_depth': 22, 'min_samples_split': 5, 'min_samples_leaf': 2, 'max_features': None}",127.53835517019527
stations_weighted_all,RandomForestRegressor,0.7626375241197685,34225.5970166797,112.6582471205778,"{'n_estimators': 1200, 'max_depth': 30, 'min_samples_split': 4, 'min_samples_leaf': 2, 'max_features': None}",129.5578989970476
classic,DecisionTreeRegressor,0.585738649622989,59732.87051801416,146.27155531077042,"{'max_depth': 10, 'min_samples_split': 10}",157.8117079000266
stations_basic,DecisionTreeRegressor,0.6056905392564733,56855.9821986428,147.4703295982401,"{'max_depth': 11, 'min_samples_split': 10}",165.1292702744419
stations_weights_gaussian,DecisionTreeRegressor,0.5531824606203615,64427.18877986537,147.7987157004592,"{'max_depth': 10, 'min_samples_split': 10}",163.42485219729429
stations_weights_inverse,DecisionTreeRegressor,0.5441928472012132,65723.41256198817,148.88706195490795,"{'max_depth': 10, 'min_samples_split': 7}",163.49804476170644
stations_weights_linear,DecisionTreeRegressor,0.5640469251496243,62860.62783377808,149.3131296333035,"{'max_depth': 11, 'min_samples_split': 10}",162.24481443013778
stations_weighted_all,DecisionTreeRegressor,0.5778869643118281,60865.01500026659,156.54162210286478,"{'max_depth': 8, 'min_samples_split': 9}",167.31750165495748
stations_weights_logarithmic,DecisionTreeRegressor,0.502324154357003,71760.51258627397,156.8300605546125,"{'max_depth': 10, 'min_samples_split': 9}",165.58893685241202
stations_basic,FlexibleMLP,0.5633301040983018,62963.98717204188,162.3442518164549,"{'layer_sizes': '2048,1024,1024,512,256', 'dropout_rate': 0.42454883829716294}",162.4161834716797
stations_weighted_all,KNeighborsRegressor,0.5538340293207937,64333.23826099343,165.49787236106897,"{'n_neighbors': 17, 'weights': 'distance', 'p': 1, 'leaf_size': 42}",184.21662566076728
stations_basic,KNeighborsRegressor,0.5550289237963926,64160.94490818928,165.73968481438,"{'n_neighbors': 24, 'weights': 'distance', 'p': 1, 'leaf_size': 38}",185.27079353578463
stations_weighted_all,FlexibleMLP,0.550081137576243,64874.37249048735,167.33224576018577,"{'layer_sizes': '2048,1024,1024,512,256', 'dropout_rate': 0.22402754737656155}",166.1064453125
stations_basic,Lasso,0.5843074621766142,59939.23525453498,168.0970139091709,"{'alpha': 0.4459540578810923, 'max_iter': 5000}",182.8582510778147
stations_basic,Ridge,0.5829554880232403,60134.17812568068,168.78306094455132,{'alpha': 1.210225367434476},183.06169259502371
stations_basic,LinearRegression,0.5795992256146991,60618.12186721346,169.12412790697675,{},183.4220310294461
stations_weighted_all,LinearRegression,0.578193223166072,60820.85514690615,169.42952657807308,{},183.504902063565
stations_weights_linear,FlexibleMLP,0.5515458673949833,64663.17123667243,169.78189476241306,"{'layer_sizes': '2048,1024,1024,256', 'dropout_rate': 0.6432553457974065}",166.42417907714844
stations_weighted_all,Ridge,0.5755433335729867,61202.94609458144,169.90454423190292,{'alpha': 0.11690361300460878},185.26155777865017
stations_weights_logarithmic,FlexibleMLP,0.5540762096161728,64298.31797646116,170.55720836347916,"{'layer_sizes': '2048,1024,1024,256', 'dropout_rate': 0.3367527663534393}",163.53866577148438
stations_weights_logarithmic,KNeighborsRegressor,0.5408348500218816,66207.60644232562,170.85106399997298,"{'n_neighbors': 21, 'weights': 'distance', 'p': 1, 'leaf_size': 38}",189.2404429544964
stations_weights_linear,KNeighborsRegressor,0.5383723551833035,66562.67670222362,171.3174394428907,"{'n_neighbors': 24, 'weights': 'distance', 'p': 1, 'leaf_size': 41}",190.60352814932625
stations_weighted_all,Lasso,0.5703676063576184,61949.24077862762,171.61493830280497,"{'alpha': 0.5876911491029269, 'max_iter': 10000}",186.83986290689967
stations_weights_gaussian,FlexibleMLP,0.5520553135751943,64589.71354458807,173.25352738592713,"{'layer_sizes': '512,256,64', 'dropout_rate': 0.12530325354631056}",178.2202911376953
stations_weights_logarithmic,Lasso,0.5615125099952052,63226.06837540726,173.9228005766098,"{'alpha': 0.5569952083658496, 'max_iter': 5000}",188.88508271463544
stations_weights_linear,Lasso,0.5591880839228983,63561.23032445088,174.14971216112397,"{'alpha': 0.8106273315569719, 'max_iter': 5000}",189.6895774749849
stations_weights_logarithmic,Ridge,0.5583753909739612,63678.413553457365,174.96635216517626,{'alpha': 1.1258286893696492},189.40069843271584
stations_basic,SVR,0.5191002869161923,69341.54071492,175.05915406314986,"{'C': 9.962000774782124, 'kernel': 'poly'}",188.8992299061568
stations_weights_gaussian,Lasso,0.5478895553509702,65190.37951642077,175.44827076240358,"{'alpha': 0.7671414441289456, 'max_iter': 5000}",191.40685817060512
stations_weights_logarithmic,LinearRegression,0.5550186152202128,64162.43131488787,175.50116279069766,{},189.7273741152489
stations_weights_linear,Ridge,0.5550892806187333,64152.24198127978,175.51411878671055,{'alpha': 1.0009787655480213},190.03710483046288
stations_weights_gaussian,KNeighborsRegressor,0.5253303789027656,68443.21583471909,175.62333376352404,"{'n_neighbors': 33, 'weights': 'distance', 'p': 1, 'leaf_size': 20}",194.87004889238943
stations_weights_linear,LinearRegression,0.5519231144562906,64608.7755035299,175.98837209302326,{},190.38192813214468
stations_weights_inverse,Ridge,0.5423588311043948,65987.86167349595,176.52378903861316,{'alpha': 0.10839890441436964},193.81246638505343
stations_weights_inverse,Lasso,0.5422178014239538,66008.19692232693,176.58337262955538,"{'alpha': 0.13361490678231225, 'max_iter': 5000}",193.71675693141952
stations_weights_inverse,FlexibleMLP,0.5174184162629929,69584.0517815792,176.7216360504049,"{'layer_sizes': '1024,512,256,64', 'dropout_rate': 0.03918648099219628}",165.8712615966797
stations_weights_gaussian,Ridge,0.5445263341789051,65675.32665090865,176.84452235511574,{'alpha': 0.9933631234906177},192.20804916956973
stations_weights_inverse,LinearRegression,0.5328344885824767,67361.18872443418,177.1730689368771,{},192.96790830342488
stations_weights_gaussian,LinearRegression,0.5410331241617317,66179.01704215116,177.41470099667774,{},192.5509942591612
classic,KNeighborsRegressor,0.5003443995620032,72045.97594586453,180.6030834671793,"{'n_neighbors': 55, 'weights': 'distance', 'p': 1, 'leaf_size': 47}",199.4534940463407
stations_weights_inverse,KNeighborsRegressor,0.5015977974203829,71865.24691595617,180.69602832648627,"{'n_neighbors': 55, 'weights': 'distance', 'p': 1, 'leaf_size': 42}",199.056769235304
stations_weights_logarithmic,SVR,0.4923565499587912,73197.75413041348,181.0092019419072,"{'C': 9.984051215401587, 'kernel': 'poly'}",194.87553958486504
stations_weighted_all,SVR,0.4901298360451082,73518.82683914104,181.2604384623853,"{'C': 9.952234021701992, 'kernel': 'poly'}",195.566616395556
stations_weights_linear,SVR,0.4737277339447761,75883.86678334713,181.91824778982328,"{'C': 9.988918563187713, 'kernel': 'linear'}",198.01197504454845
stations_weights_gaussian,SVR,0.4588899227053712,78023.34964055187,183.91400442420917,"{'C': 9.981580947480166, 'kernel': 'linear'}",200.12063010875588
classic,Lasso,0.5077710855877733,70975.11265062458,184.86503429306475,"{'alpha': 0.6156026863870059, 'max_iter': 5000}",200.7721640253691
classic,Ridge,0.5039374193455801,71527.89385757475,186.01182907572968,{'alpha': 1.0778492901652452},201.60003402529023
classic,LinearRegression,0.5005171438687133,72021.0677247716,186.5841777408638,{},205.19877116331597
classic,FlexibleMLP,0.4675189989842565,76779.11216682271,187.60603487642103,"{'layer_sizes': '2048,1024,1024,256', 'dropout_rate': 0.23514350819743557}",165.54391479492188
stations_basic,ElasticNet,0.4999454839641108,72103.49609283172,188.4489808907764,"{'alpha': 0.23564510104782566, 'l1_ratio': 0.8892071035903298, 'max_iter': 10000}",204.647984460208
stations_weighted_all,ElasticNet,0.4968373018381207,72551.66882318471,188.46489338868724,"{'alpha': 0.12612978338614, 'l1_ratio': 0.8974225251621297, 'max_iter': 5000}",205.0062713814208
stations_weights_inverse,SVR,0.4133448951927275,84590.54503224419,190.89276509955337,"{'C': 9.995516132209428, 'kernel': 'linear'}",206.5937657846812
classic,SVR,0.4100232617376118,85069.49558097908,191.2786742754519,"{'C': 9.990075896272007, 'kernel': 'linear'}",207.46347830225267
stations_weights_linear,ElasticNet,0.4579729417338084,78155.57029206086,198.31048845331236,"{'alpha': 0.1542428079533924, 'l1_ratio': 0.7366008482720697, 'max_iter': 10000}",214.67480491075543
stations_weights_gaussian,ElasticNet,0.4486676897870746,79497.30639456211,199.70973364092544,"{'alpha': 0.10520458340764034, 'l1_ratio': 0.6504508690679698, 'max_iter': 5000}",216.8762195405517
stations_weights_logarithmic,ElasticNet,0.4497206713867004,79345.47563967499,200.10131885177503,"{'alpha': 0.1010279683364219, 'l1_ratio': 0.45790768118361264, 'max_iter': 5000}",216.28115565839045
stations_weights_inverse,ElasticNet,0.3953380793068999,87186.97069631104,210.63907509536037,"{'alpha': 0.11320796430133717, 'l1_ratio': 0.2984114959614615, 'max_iter': 5000}",227.14098737218555
classic,ElasticNet,0.3933485299030519,87473.84635299756,211.0493313560769,"{'alpha': 0.12551398999907432, 'l1_ratio': 0.3376573297587196, 'max_iter': 5000}",227.64387703190005
