nom,number,url
ain,1,/ain-01/location-ain.html
aisne,2,/aisne-02/location-aisne.html
allier,3,/allier-03/location-allier.html
alpes-de-haute-provence,4,/alpes-de-haute-provence-04/location-alpes-de-haute-provence.html
hautes-alpes,5,/hautes-alpes-05/location-hautes-alpes.html
alpes-maritimes,6,/alpes-maritimes-06/location-alpes-maritimes.html
ardeche,7,/ardeche-07/location-ardeche.html
ardennes,8,/ardennes-08/location-ardennes.html
ariege,9,/ariege-09/location-ariege.html
aube,10,/aube-10/location-aube.html
aude,11,/aude-11/location-aude.html
aveyron,12,/aveyron-12/location-aveyron.html
bouches-du-rhone,13,/bouches-du-rhone-13/location-bouches-du-rhone.html
calvados,14,/calvados-14/location-calvados.html
cantal,15,/cantal-15/location-cantal.html
charente,16,/charente-16/location-charente.html
charente-maritime,17,/charente-maritime-17/location-charente-maritime.html
cher,18,/cher-18/location-cher.html
correze,19,/correze-19/location-correze.html
corse,20,/corse-20/location-corse.html
cote-d-or,21,/cote-d-or-21/location-cote-d-or.html
cotes-d-armor,22,/cotes-d-armor-22/location-cotes-d-armor.html
creuse,23,/creuse-23/location-creuse.html
dordogne,24,/dordogne-24/location-dordogne.html
doubs,25,/doubs-25/location-doubs.html
drome,26,/drome-26/location-drome.html
eure,27,/eure-27/location-eure.html
eure-et-loir,28,/eure-et-loir-28/location-eure-et-loir.html
finistere,29,/finistere-29/location-finistere.html
gard,30,/gard-30/location-gard.html
haute-garonne,31,/haute-garonne-31/location-haute-garonne.html
gers,32,/gers-32/location-gers.html
gironde,33,/gironde-33/location-gironde.html
herault,34,/herault-34/location-herault.html
ille-et-vilaine,35,/ille-et-vilaine-35/location-ille-et-vilaine.html
indre,36,/indre-36/location-indre.html
indre-et-loire,37,/indre-et-loire-37/location-indre-et-loire.html
isere,38,/isere-38/location-isere.html
jura,39,/jura-39/location-jura.html
landes,40,/landes-40/location-landes.html
loir-et-cher,41,/loir-et-cher-41/location-loir-et-cher.html
loire,42,/loire-42/location-loire.html
haute-loire,43,/haute-loire-43/location-haute-loire.html
loire-atlantique,44,/loire-atlantique-44/location-loire-atlantique.html
loiret,45,/loiret-45/location-loiret.html
lot,46,/lot-46/location-lot.html
lot-et-garonne,47,/lot-et-garonne-47/location-lot-et-garonne.html
lozere,48,/lozere-48/location-lozere.html
maine-et-loire,49,/maine-et-loire-49/location-maine-et-loire.html
manche,50,/manche-50/location-manche.html
marne,51,/marne-51/location-marne.html
haute-marne,52,/haute-marne-52/location-haute-marne.html
mayenne,53,/mayenne-53/location-mayenne.html
meurthe-et-moselle,54,/meurthe-et-moselle-54/location-meurthe-et-moselle.html
meuse,55,/meuse-55/location-meuse.html
morbihan,56,/morbihan-56/location-morbihan.html
moselle,57,/moselle-57/location-moselle.html
nievre,58,/nievre-58/location-nievre.html
nord,59,/nord-59/location-nord.html
oise,60,/oise-60/location-oise.html
orne,61,/orne-61/location-orne.html
pas-de-calais,62,/pas-de-calais-62/location-pas-de-calais.html
puy-de-dome,63,/puy-de-dome-63/location-puy-de-dome.html
pyrenees-atlantiques,64,/pyrenees-atlantiques-64/location-pyrenees-atlantiques.html
hautes-pyrenees,65,/hautes-pyrenees-65/location-hautes-pyrenees.html
pyrenees-orientales,66,/pyrenees-orientales-66/location-pyrenees-orientales.html
bas-rhin,67,/bas-rhin-67/location-bas-rhin.html
haut-rhin,68,/haut-rhin-68/location-haut-rhin.html
rhone,69,/rhone-69/location-rhone.html
haute-saone,70,/haute-saone-70/location-haute-saone.html
saone-et-loire,71,/saone-et-loire-71/location-saone-et-loire.html
sarthe,72,/sarthe-72/location-sarthe.html
savoie,73,/savoie-73/location-savoie.html
haute-savoie,74,/haute-savoie-74/location-haute-savoie.html
paris,75,/paris-75/location-paris.html
seine-maritime,76,/seine-maritime-76/location-seine-maritime.html
seine-et-marne,77,/seine-et-marne-77/location-seine-et-marne.html
yvelines,78,/yvelines-78/location-yvelines.html
deux-sevres,79,/deux-sevres-79/location-deux-sevres.html
somme,80,/somme-80/location-somme.html
tarn,81,/tarn-81/location-tarn.html
tarn-et-garonne,82,/tarn-et-garonne-82/location-tarn-et-garonne.html
var,83,/var-83/location-var.html
vaucluse,84,/vaucluse-84/location-vaucluse.html
vendee,85,/vendee-85/location-vendee.html
vienne,86,/vienne-86/location-vienne.html
haute-vienne,87,/haute-vienne-87/location-haute-vienne.html
vosges,88,/vosges-88/location-vosges.html
yonne,89,/yonne-89/location-yonne.html
territoire-de-belfort,90,/territoire-de-belfort-90/location-territoire-de-belfort.html
essonne,91,/essonne-91/location-essonne.html
hauts-de-seine,92,/hauts-de-seine-92/location-hauts-de-seine.html
seine-saint-denis,93,/seine-saint-denis-93/location-seine-saint-denis.html
val-de-marne,94,/val-de-marne-94/location-val-de-marne.html
val-d-oise,95,/val-d-oise-95/location-val-d-oise.html
